Model,MAE,MSE,RMSE,NSE,Bias,R2
CAT,2.5142393294115988,21.02509143733017,3.9138155220671034,0.7736797107279487,-0.33963582166418116,0.8564820765475052
GBM,2.5568016330939387,21.00421568458717,3.9862851757280526,0.7582580902833399,-0.27714898270592403,0.8347640404813734
NN,3.2516465286101455,34.77982881995694,5.455487473524537,0.5462597699135969,-0.8284481680289748,0.6362861325936334
RF,2.6356940489254748,22.44535073077469,4.195334573136124,0.7323359589661731,-0.3864309280084638,0.8085771748608014
NN_tune,3.309472281076069,33.09781224254298,5.298746251926855,0.5619804733639967,-0.5441079008129386,0.6616631347687002
KNNunif,4.390515387615528,72.42677627871254,8.02785615517574,0.025482584510430766,-0.7431287240494889,0.1571711116992822
KNNdist,4.367503206578221,72.55349249532152,8.041381156947814,0.018588060586213515,-0.7380911680820429,0.1599299453972596
GMBcustom,2.4143707330122655,19.751582819320188,3.826110028908978,0.7788595452149591,-0.4311477360843682,0.8499781900036506
XT,2.6603056469839883,22.00493970551122,4.135804777468924,0.7429514326136728,-0.3318766761458865,0.8194291040650115
